{
  "wa_settings": {
    "last_seen_privacy": "contacts",
    "profile_photo_privacy": "none",
    "about_privacy": "contacts",
    "status_privacy": [
      "My Contacts Except (active) : []",
      "Only Share With : [+989102772072]"
    ],
    "blocked_numbers": [
      "+989102772072"
    ],
    "blocked_numbers_update_time": 1704710786,
    "blocked_3p_users": [
      
    ],
    "read_receipts": "all",
    "is_dma_eligible": false,
    "opted_in_dma_integrators": [
      
    ],
    "settings_last_fetch_time": {
      "0": 1712023922
    },
    "sync_sessions": [
      
    ],
    "device_sync_status": [
      {
        "device_id": 0
      }
    ],
    "device_info": [
      {
        "device_id": 0,
        "app_version": "SMBA-2.24.6.77,Smb",
        "operating_system_version": "11",
        "device_manufacturer": "samsung",
        "device_model": "a02"
      }
    ],
    "notification_settings": [
      
    ],
    "muted_groups": [
      
    ]
  }
}