{
  "joined_channels": [
    {
      "channel_id": 120363144038483540,
      "user_mute_state": true,
      "channel_name_update_time": 1688746895480511,
      "channel_name": "WhatsApp",
      "channel_description_update_time": 0,
      "channel_description": "",
      "channel_profile_picture_update_time": 0,
      "channel_profile_picture_handle": "",
      "user_reactions": [
        
      ]
    },
    {
      "channel_id": 120363166665526172,
      "user_mute_state": true,
      "channel_name_update_time": 1696769891323805,
      "channel_name": "Radio Farda",
      "channel_description_update_time": 0,
      "channel_description": "",
      "channel_profile_picture_update_time": 0,
      "channel_profile_picture_handle": "",
      "user_reactions": [
        
      ]
    }
  ]
}